theta,mu,sigma,sigma_eq,half_life,a,b
0.0026607066033202567,-5.506593439800953,0.015569774514693213,0.2137205781667297,260.51244421123965,0.9973428299392315,-0.014631955225063253
